epoch,time,train/box_loss,train/cls_loss,train/dfl_loss,metrics/precision(B),metrics/recall(B),metrics/mAP50(B),metrics/mAP50-95(B),val/box_loss,val/cls_loss,val/dfl_loss,lr/pg0,lr/pg1,lr/pg2
1,31.9972,1.53614,3.38925,1.46601,0.00394,1,0.83967,0.65481,0.58906,3.02617,1.0246,0.00014,0.00014,0.00014
2,63.1775,1.11111,2.67879,1.21789,0.00394,1,0.64402,0.38439,0.703,3.06483,1.0426,0.00029703,0.00029703,0.00029703
3,93.7025,1.22,2.17259,1.25842,0.00394,1,0.79877,0.6541,0.6956,2.91587,1.04096,0.000450892,0.000450892,0.000450892
4,124.432,1.05397,1.73776,1.08415,0.70529,0.55338,0.70342,0.46738,0.96287,2.69473,1.42763,0.000601586,0.000601586,0.000601586
5,155.237,0.97136,1.59813,1.13333,0.77132,0.77897,0.91575,0.67529,0.88316,2.51831,1.27522,0.000749112,0.000749112,0.000749112
